user_ID,username,password

0,test,password

1,ldlopo,password

2,duzgsv,password

3,etxhit,password

4,xcrebo,password

5,ercsau,password

6,pewdml,password

7,ucxtrx,password

8,giqvdc,password

9,frgrgy,password

10,yneoth,password

11,rlfaio,password

12,sbjfzo,password

13,afkxij,password

14,ubakhs,password

15,qimibw,password

16,srpswb,password

17,zzicvv,password

18,nthkre,password

19,sqkaow,password

20,gikbut,password

21,viznxt,password

22,wpqhhh,password

23,aiplyq,password

24,ucpqfd,password

25,ndvkky,password

26,wqmqub,password

27,lcfgnt,password

28,xuqtbh,password

29,davwxq,password

30,peter,meat

31,ya,no
